seqName,errors,warnings,failedGenes
EPI_ISL_17672205|A/Netherlands/01598/2023|A_/_H1N1|pdm09|NA|Original|2023-04-26,,,
EPI_ISL_17672202|A/Netherlands/01579/2023|A_/_H1N1|pdm09|NA|Original|2023-04-11,,,
EPI_ISL_17672199|A/Netherlands/01568/2023|A_/_H1N1|pdm09|NA|Original|2023-04-15,,,
EPI_ISL_17672196|A/Netherlands/01552/2023|A_/_H1N1|pdm09|NA|Original|2023-04-13,,,
EPI_ISL_17672198|A/Netherlands/01560/2023|A_/_H1N1|pdm09|NA|Original|2023-04-16,,,
EPI_ISL_17672195|A/Netherlands/01549/2023|A_/_H1N1|pdm09|NA|Original|2023-04-09,,,
EPI_ISL_17672194|A/Netherlands/01539/2023|A_/_H1N1|pdm09|NA|Original|2023-04-09,,,
EPI_ISL_17672190|A/Netherlands/01512/2023|A_/_H1N1|pdm09|NA|Original|2023-04-09,,,
EPI_ISL_17414454|A/Netherlands/01367/2023|A_/_H1N1|pdm09|NA|Original|2023-03-22,,,
EPI_ISL_17414452|A/Netherlands/01361/2023|A_/_H1N1|pdm09|NA|Original|2023-03-20,,,
EPI_ISL_17672192|A/Netherlands/01528/2023|A_/_H1N1|pdm09|NA|Original|2023-04-06,,,
EPI_ISL_17414453|A/Netherlands/01363/2023|A_/_H1N1|pdm09|NA|Original|2023-03-21,,,
EPI_ISL_17414448|A/Netherlands/01336/2023|A_/_H1N1|pdm09|NA|Original|2023-03-16,,,
EPI_ISL_17672201|A/Netherlands/01578/2023|A_/_H1N1|pdm09|NA|Original|2023-04-21,,,
EPI_ISL_17414445|A/Netherlands/01326/2023|A_/_H1N1|pdm09|NA|Original|2023-03-13,,,
EPI_ISL_17414444|A/Netherlands/01317/2023|A_/_H1N1|pdm09|NA|Original|2023-03-16,,,
EPI_ISL_17672203|A/Netherlands/01584/2023|A_/_H1N1|pdm09|NA|Original|2023-04-23,,,
EPI_ISL_17414441|A/Netherlands/01308/2023|A_/_H1N1|pdm09|NA|Original|2023-03-19,,,
EPI_ISL_17414437|A/Netherlands/01285/2023|A_/_H1N1|pdm09|NA|Original|2023-03-14,,,
EPI_ISL_17414435|A/Netherlands/01277/2023|A_/_H1N1|pdm09|NA|Original|2023-03-06,,,
EPI_ISL_17414434|A/Netherlands/01270/2023|A_/_H1N1|pdm09|NA|Original|2023-03-13,,,
EPI_ISL_17414438|A/Netherlands/01286/2023|A_/_H1N1|pdm09|NA|Original|2023-03-13,,,
EPI_ISL_17323287|A/Netherlands/01259/2023|A_/_H1N1|pdm09|NA|Original|2023-03-11,,,
EPI_ISL_17323284|A/Netherlands/01247/2023|A_/_H1N1|pdm09|NA|Original|2023-03-09,,,
EPI_ISL_17323286|A/Netherlands/01251/2023|A_/_H1N1|pdm09|NA|Original|2023-03-07,,,
EPI_ISL_17323282|A/Netherlands/01243/2023|A_/_H1N1|pdm09|NA|Original|2023-03-10,,,
EPI_ISL_17672191|A/Netherlands/01515/2023|A_/_H1N1|pdm09|NA|Original|2023-04-08,,,
EPI_ISL_17323280|A/Netherlands/01236/2023|A_/_H1N1|pdm09|NA|Original|2023-03-14,,,
EPI_ISL_17323279|A/Netherlands/01231/2023|A_/_H1N1|pdm09|NA|Original|2023-03-14,,,
EPI_ISL_17323278|A/Netherlands/01230/2023|A_/_H1N1|pdm09|NA|Original|2023-03-11,,,
EPI_ISL_17323277|A/Netherlands/01227/2023|A_/_H1N1|pdm09|NA|Original|2023-03-12,,,
EPI_ISL_17323276|A/Netherlands/01226/2023|A_/_H1N1|pdm09|NA|Original|2023-03-11,,,
EPI_ISL_17323275|A/Netherlands/01221/2023|A_/_H1N1|pdm09|NA|Original|2023-03-07,,,
EPI_ISL_17323269|A/Netherlands/01192/2023|A_/_H1N1|pdm09|NA|Original|2023-03-08,,,
EPI_ISL_17323281|A/Netherlands/01242/2023|A_/_H1N1|pdm09|NA|Original|2023-03-07,,,
EPI_ISL_17323268|A/Netherlands/01182/2023|A_/_H1N1|pdm09|NA|Original|2023-03-05,,,
EPI_ISL_17414450|A/Netherlands/01343/2023|A_/_H1N1|pdm09|NA|Original|2023-03-21,,,
EPI_ISL_17323267|A/Netherlands/01181/2023|A_/_H1N1|pdm09|NA|Original|2023-03-08,,,
EPI_ISL_17414440|A/Netherlands/01297/2023|A_/_H1N1|pdm09|NA|Original|2023-03-18,,,
EPI_ISL_17323262|A/Netherlands/01152/2023|A_/_H1N1|pdm09|NA|Original|2023-03-07,,,
EPI_ISL_17414451|A/Netherlands/01355/2023|A_/_H1N1|pdm09|NA|Original|2023-03-02,,,
EPI_ISL_17258034|A/Netherlands/01149/2023|A_/_H1N1|pdm09|NA|Original|2023-03-05,,,
EPI_ISL_17414449|A/Netherlands/01337/2023|A_/_H1N1|pdm09|NA|Original|2023-03-14,,,
EPI_ISL_17258029|A/Netherlands/01109/2023|A_/_H1N1|pdm09|NA|Original|2023-03-04,,,
EPI_ISL_17258022|A/Netherlands/01075/2023|A_/_H1N1|pdm09|NA|Original|2023-03-03,,,
EPI_ISL_17258021|A/Netherlands/01061/2023|A_/_H1N1|pdm09|NA|Original|2023-03-04,,,
EPI_ISL_17414447|A/Netherlands/01335/2023|A_/_H1N1|pdm09|NA|Original|2023-03-20,,,
EPI_ISL_17258020|A/Netherlands/01059/2023|A_/_H1N1|pdm09|NA|Original|2023-02-28,,,
EPI_ISL_17258019|A/Netherlands/01056/2023|A_/_H1N1|pdm09|NA|Original|2023-02-27,,,
EPI_ISL_17258018|A/Netherlands/01052/2023|A_/_H1N1|pdm09|NA|Original|2023-03-05,,,
EPI_ISL_17258015|A/Netherlands/01044/2023|A_/_H1N1|pdm09|NA|Original|2023-02-27,,,
EPI_ISL_17258014|A/Netherlands/01042/2023|A_/_H1N1|pdm09|NA|Original|2023-02-24,,,
EPI_ISL_17258012|A/Netherlands/01018/2023|A_/_H1N1|pdm09|NA|Original|2023-02-28,,,
EPI_ISL_17258011|A/Netherlands/01014/2023|A_/_H1N1|pdm09|NA|Original|2023-02-24,,,
EPI_ISL_17258010|A/Netherlands/01013/2023|A_/_H1N1|pdm09|NA|Original|2023-02-26,,,
EPI_ISL_17258030|A/Netherlands/01115/2023|A_/_H1N1|pdm09|NA|Original|2023-03-05,,,
EPI_ISL_17258009|A/Netherlands/01006/2023|A_/_H1N1|pdm09|NA|Original|2023-02-25,,,
EPI_ISL_17177044|A/Netherlands/00972/2023|A_/_H1N1|pdm09|NA|Original|2023-02-20,,,
EPI_ISL_17177043|A/Netherlands/00970/2023|A_/_H1N1|pdm09|NA|Original|2023-02-26,,,
EPI_ISL_17177041|A/Netherlands/00950/2023|A_/_H1N1|pdm09|NA|Original|2023-02-25,,,
EPI_ISL_17177038|A/Netherlands/00927/2023|A_/_H1N1|pdm09|NA|Original|2023-02-17,,,
EPI_ISL_17177037|A/Netherlands/00923/2023|A_/_H1N1|pdm09|NA|Original|2023-02-20,,,
EPI_ISL_17177035|A/Netherlands/00913/2023|A_/_H1N1|pdm09|NA|Original|2023-02-21,,,
EPI_ISL_17177031|A/Netherlands/00888/2023|A_/_H1N1|pdm09|NA|Original|2023-02-21,,,
EPI_ISL_17177030|A/Netherlands/00886/2023|A_/_H1N1|pdm09|NA|Original|2023-02-21,,,
EPI_ISL_17177028|A/Netherlands/00877/2023|A_/_H1N1|pdm09|NA|Original|2023-02-21,,,
EPI_ISL_17177039|A/Netherlands/00939/2023|A_/_H1N1|pdm09|NA|Original|2023-02-26,,,
EPI_ISL_17177023|A/Netherlands/00845/2023|A_/_H1N1|pdm09|NA|Original|2023-02-15,,,
EPI_ISL_17177027|A/Netherlands/00864/2023|A_/_H1N1|pdm09|NA|Original|2023-02-19,,,
EPI_ISL_17076168|A/Netherlands/00772/2023|A_/_H1N1|pdm09|NA|Original|2023-02-09,,,
EPI_ISL_17076179|A/Netherlands/00808/2023|A_/_H1N1|pdm09|NA|Original|2023-02-13,,,
EPI_ISL_17076165|A/Netherlands/00763/2023|A_/_H1N1|pdm09|NA|Original|2023-02-14,,,
EPI_ISL_17076172|A/Netherlands/00781/2023|A_/_H1N1|pdm09|NA|Original|2023-02-12,,,
EPI_ISL_17177024|A/Netherlands/00853/2023|A_/_H1N1|pdm09|NA|Original|2023-02-15,,,
EPI_ISL_17076166|A/Netherlands/00767/2023|A_/_H1N1|pdm09|NA|Original|2023-02-09,,,
EPI_ISL_17076164|A/Netherlands/00762/2023|A_/_H1N1|pdm09|NA|Original|2023-02-15,,,
EPI_ISL_17076159|A/Netherlands/00740/2023|A_/_H1N1|pdm09|NA|Original|2023-02-06,,,
EPI_ISL_17076156|A/Netherlands/00727/2023|A_/_H1N1|pdm09|NA|Original|2023-02-13,,,
EPI_ISL_17076155|A/Netherlands/00722/2023|A_/_H1N1|pdm09|NA|Original|2023-02-11,,,
EPI_ISL_16955827|A/Netherlands/00659/2023|A_/_H1N1|pdm09|NA|Original|2023-02-02,,,
EPI_ISL_17258023|A/Netherlands/01084/2023|A_/_H1N1|pdm09|NA|Original|2023-03-02,,,
EPI_ISL_16955825|A/Netherlands/00657/2023|A_/_H1N1|pdm09|NA|Original|2023-02-03,,,
EPI_ISL_16955823|A/Netherlands/03004/2023|A_/_H1N1|pdm09|NA|Original|2023-02-06,,,
EPI_ISL_16955814|A/Netherlands/00611/2023|A_/_H1N1|pdm09|NA|Original|2023-01-30,,,
EPI_ISL_16955817|A/Netherlands/00627/2023|A_/_H1N1|pdm09|NA|Original|2023-02-06,,,
EPI_ISL_16955812|A/Netherlands/00605/2023|A_/_H1N1|pdm09|NA|Original|2023-02-06,,,
EPI_ISL_16955815|A/Netherlands/00612/2023|A_/_H1N1|pdm09|NA|Original|2023-02-04,,,
EPI_ISL_16955808|A/Netherlands/00575/2023|A_/_H1N1|pdm09|NA|Original|2023-02-05,,,
EPI_ISL_16955803|A/Netherlands/00545/2023|A_/_H1N1|pdm09|NA|Original|2023-02-03,,,
EPI_ISL_16955828|A/Netherlands/00660/2023|A_/_H1N1|pdm09|NA|Original|2023-02-05,,,
EPI_ISL_16955809|A/Netherlands/00580/2023|A_/_H1N1|pdm09|NA|Original|2023-02-05,,,
EPI_ISL_16955820|A/Netherlands/00641/2023|A_/_H1N1|pdm09|NA|Original|2023-02-02,,,
EPI_ISL_16877494|A/Netherlands/00513/2023|A_/_H1N1|pdm09|NA|Original|2023-01-31,,,
EPI_ISL_16877497|A/Netherlands/00523/2023|A_/_H1N1|pdm09|NA|Original|2023-01-29,,,
EPI_ISL_16955805|A/Netherlands/00557/2023|A_/_H1N1|pdm09|NA|Original|2023-02-01,,,
EPI_ISL_16877492|A/Netherlands/00508/2023|A_/_H1N1|pdm09|NA|Original|2023-01-29,,,
EPI_ISL_16877487|A/Netherlands/00488/2023|A_/_H1N1|pdm09|NA|Original|2023-01-30,,,
EPI_ISL_16877495|A/Netherlands/00514/2023|A_/_H1N1|pdm09|NA|Original|2023-01-31,,,
EPI_ISL_16877490|A/Netherlands/00501/2023|A_/_H1N1|pdm09|NA|Original|2023-01-29,,,
EPI_ISL_16877477|A/Netherlands/00424/2023|A_/_H1N1|pdm09|NA|Original|2023-01-23,,,
EPI_ISL_17323266|A/Netherlands/01177/2023|A_/_H1N1|pdm09|NA|Original|2023-03-03,,,
EPI_ISL_16877476|A/Netherlands/00421/2023|A_/_H1N1|pdm09|NA|Original|2023-01-24,,,
EPI_ISL_16807929|A/Netherlands/00389/2023|A_/_H1N1|pdm09|NA|Original|2023-01-23,,,
EPI_ISL_16807928|A/Netherlands/00384/2023|A_/_H1N1|pdm09|NA|Original|2023-01-20,,,
EPI_ISL_17258032|A/Netherlands/01140/2023|A_/_H1N1|pdm09|NA|Original|2023-02-27,,,
EPI_ISL_17076162|A/Netherlands/00755/2023|A_/_H1N1|pdm09|NA|Original|2023-02-13,,,
EPI_ISL_16807930|A/Netherlands/00390/2023|A_/_H1N1|pdm09|NA|Original|2023-01-13,,,
EPI_ISL_16807919|A/Netherlands/00359/2023|A_/_H1N1|pdm09|NA|Original|2023-01-22,,,
EPI_ISL_16807918|A/Netherlands/00343/2023|A_/_H1N1|pdm09|NA|Original|2023-01-16,,,
EPI_ISL_16807912|A/Netherlands/00316/2023|A_/_H1N1|pdm09|NA|Original|2023-01-18,,,
EPI_ISL_16807911|A/Netherlands/00315/2023|A_/_H1N1|pdm09|NA|Original|2023-01-18,,,
EPI_ISL_16807908|A/Netherlands/00299/2023|A_/_H1N1|pdm09|NA|Original|2023-01-12,,,
EPI_ISL_16877485|A/Netherlands/00478/2023|A_/_H1N1|pdm09|NA|Original|2023-01-24,,,
EPI_ISL_16699247|A/Netherlands/00395/2023|A_/_H1N1|pdm09|NA|Original|2023-01-23,,,
EPI_ISL_16699249|A/Netherlands/00184/2023|A_/_H1N1|pdm09|NA|Original|2023-01-17,,,
EPI_ISL_16699245|A/Netherlands/00285/2023|A_/_H1N1|pdm09|NA|Original|2023-01-10,,,
EPI_ISL_16699240|A/Netherlands/00249/2023|A_/_H1N1|pdm09|NA|Original|2023-01-15,,,
EPI_ISL_16877496|A/Netherlands/00518/2023|A_/_H1N1|pdm09|NA|Original|2023-01-30,,,
EPI_ISL_16699233|A/Netherlands/00229/2023|A_/_H1N1|pdm09|NA|Original|2023-01-13,,,
EPI_ISL_16699229|A/Netherlands/00202/2023|A_/_H1N1|pdm09|NA|Original|2023-01-11,,,
EPI_ISL_16807931|A/Netherlands/00392/2023|A_/_H1N1|pdm09|NA|Original|2023-01-23,,,
EPI_ISL_16699228|A/Netherlands/00175/2023|A_/_H1N1|pdm09|NA|Original|2023-01-15,,,
EPI_ISL_16699226|A/Netherlands/00159/2023|A_/_H1N1|pdm09|NA|Original|2023-01-11,,,
EPI_ISL_16585524|A/Netherlands/00158/2023|A_/_H1N1|pdm09|NA|Original|2023-01-09,,,
EPI_ISL_16585522|A/Netherlands/00154/2023|A_/_H1N1|pdm09|NA|Original|2023-01-08,,,
EPI_ISL_16585520|A/Netherlands/00148/2023|A_/_H1N1|pdm09|NA|Original|2023-01-08,,,
EPI_ISL_16585518|A/Netherlands/00130/2023|A_/_H1N1|pdm09|NA|Original|2023-01-11,,,
EPI_ISL_16699230|A/Netherlands/00214/2023|A_/_H1N1|pdm09|NA|Original|2023-01-14,,,
EPI_ISL_16585516|A/Netherlands/00122/2023|A_/_H1N1|pdm09|NA|Original|2023-01-09,,,
EPI_ISL_16585512|A/Netherlands/00114/2023|A_/_H1N1|pdm09|NA|Original|2023-01-05,,,
EPI_ISL_16585510|A/Netherlands/00106/2023|A_/_H1N1|pdm09|NA|Original|2023-01-07,,,
EPI_ISL_16585509|A/Netherlands/00100/2023|A_/_H1N1|pdm09|NA|Original|2023-01-09,,,
EPI_ISL_16585508|A/Netherlands/00096/2023|A_/_H1N1|pdm09|NA|Original|2023-01-08,,,
EPI_ISL_16585511|A/Netherlands/00107/2023|A_/_H1N1|pdm09|NA|Original|2023-01-09,,,
EPI_ISL_16585503|A/Netherlands/00085/2023|A_/_H1N1|pdm09|NA|Original|2023-01-04,,,
EPI_ISL_16505192|A/Netherlands/00128/2023|A_/_H1N1|pdm09|NA|Original|2023-01-09,,,
EPI_ISL_16504392|A/Netherlands/00044/2023|A_/_H1N1|pdm09|NA|Original|2023-01-02,,,
EPI_ISL_16504391|A/Netherlands/00043/2023|A_/_H1N1|pdm09|NA|Original|2023-01-03,,,
EPI_ISL_16504388|A/Netherlands/00038/2023|A_/_H1N1|pdm09|NA|Original|2023-01-03,,,
EPI_ISL_16585499|A/Netherlands/00060/2023|A_/_H1N1|pdm09|NA|Original|2023-01-08,,,
EPI_ISL_16504385|A/Netherlands/00033/2023|A_/_H1N1|pdm09|NA|Original|2023-01-04,,,
EPI_ISL_16504381|A/Netherlands/00024/2023|A_/_H1N1|pdm09|NA|Original|2023-01-02,,,
EPI_ISL_16504376|A/Netherlands/02502/2022|A_/_H1N1|pdm09|NA|Original|2022-12-30,,,
EPI_ISL_16504383|A/Netherlands/00029/2023|A_/_H1N1|pdm09|NA|Original|2023-01-03,,,
EPI_ISL_16504373|A/Netherlands/00014/2023|A_/_H1N1|pdm09|NA|Original|2023-01-02,,,
EPI_ISL_16504367|A/Netherlands/00010/2023|A_/_H1N1|pdm09|NA|Original|2023-01-01,,,
EPI_ISL_16504371|A/Netherlands/02105/2022|A_/_H1N1|pdm09|NA|Original|2022-12-28,,,
EPI_ISL_16807921|A/Netherlands/00362/2023|A_/_H1N1|pdm09|NA|Original|2023-01-22,,,
EPI_ISL_16877480|A/Netherlands/00445/2023|A_/_H1N1|pdm09|NA|Original|2023-01-27,,,
EPI_ISL_16411885|A/Netherlands/02046/2022|A_/_H1N1|pdm09|NA|Original|2022-12-28,,,
EPI_ISL_16411883|A/Netherlands/02040/2022|A_/_H1N1|pdm09|NA|Original|2022-12-23,,,
EPI_ISL_16411882|A/Netherlands/02036/2022|A_/_H1N1|pdm09|NA|Original|2022-12-15,,,
EPI_ISL_16411878|A/Netherlands/02005/2022|A_/_H1N1|pdm09|NA|Original|2022-12-26,,,
EPI_ISL_16411877|A/Netherlands/01995/2022|A_/_H1N1|pdm09|NA|Original|2022-12-24,,,
EPI_ISL_16411874|A/Netherlands/01938/2022|A_/_H1N1|pdm09|NA|Original|2022-12-19,,,
EPI_ISL_16411872|A/Netherlands/01932/2022|A_/_H1N1|pdm09|NA|Original|2022-12-20,,,
EPI_ISL_16411870|A/Netherlands/01920/2022|A_/_H1N1|pdm09|NA|Original|2022-12-25,,,
EPI_ISL_16807922|A/Netherlands/00364/2023|A_/_H1N1|pdm09|NA|Original|2023-01-22,,,
EPI_ISL_16334497|A/Netherlands/01871/2022|A_/_H1N1|pdm09|NA|Original|2022-12-23,,,
EPI_ISL_16334495|A/Netherlands/01869/2022|A_/_H1N1|pdm09|NA|Original|2022-12-22,,,
EPI_ISL_16333968|A/Netherlands/01689/2022|A_/_H1N1|pdm09|NA|Original|2022-12-19,,,
EPI_ISL_16333967|A/Netherlands/01688/2022|A_/_H1N1|pdm09|NA|Original|2022-12-18,,,
EPI_ISL_16333951|A/Netherlands/01634/2022|A_/_H1N1|pdm09|NA|Original|2022-12-16,,,
EPI_ISL_16504362|A/Netherlands/02078/2022|A_/_H1N1|pdm09|NA|Original|2022-12-26,,,
EPI_ISL_16333948|A/Netherlands/01619/2022|A_/_H1N1|pdm09|NA|Original|2022-12-15,,,
EPI_ISL_16333945|A/Netherlands/01595/2022|A_/_H1N1|pdm09|NA|Original|2022-12-13,,,
EPI_ISL_16254976|A/Netherlands/01518/2022|A_/_H1N1|pdm09|NA|Original|2022-12-11,,,
EPI_ISL_16254968|A/Netherlands/01495/2022|A_/_H1N1|pdm09|NA|Original|2022-12-08,,,
EPI_ISL_16254964|A/Netherlands/01472/2022|A_/_H1N1|pdm09|NA|Original|2022-12-03,,,
EPI_ISL_16254960|A/Netherlands/01456/2022|A_/_H1N1|pdm09|NA|Original|2022-12-01,,,
EPI_ISL_16254959|A/Netherlands/01448/2022|A_/_H1N1|pdm09|NA|Original|2022-12-01,,,
EPI_ISL_16254958|A/Netherlands/01446/2022|A_/_H1N1|pdm09|NA|Original|2022-12-05,,,
EPI_ISL_16699244|A/Netherlands/00268/2023|A_/_H1N1|pdm09|NA|Original|2023-01-13,,,
EPI_ISL_16147128|A/Netherlands/01433/2022|A_/_H1N1|pdm09|NA|Original|2022-12-03,,,
EPI_ISL_16147097|A/Netherlands/01426/2022|A_/_H1N1|pdm09|NA|Original|2022-12-04,,,
EPI_ISL_16147048|A/Netherlands/01409/2022|A_/_H1N1|pdm09|NA|Original|2022-11-29,,,
EPI_ISL_16147031|A/Netherlands/01404/2022|A_/_H1N1|pdm09|NA|Original|2022-11-09,,,
EPI_ISL_16146988|A/Netherlands/01393/2022|A_/_H1N1|pdm09|NA|Original|2022-11-28,,,
EPI_ISL_16054283|A/Netherlands/01372/2022|A_/_H1N1|pdm09|NA|Original|2022-11-16,,,
EPI_ISL_16054282|A/Netherlands/01371/2022|A_/_H1N1|pdm09|NA|Original|2022-11-16,,,
EPI_ISL_16054281|A/Netherlands/01368/2022|A_/_H1N1|pdm09|NA|Original|2022-11-29,,,
EPI_ISL_16054279|A/Netherlands/01364/2022|A_/_H1N1|pdm09|NA|Original|2022-11-28,,,
EPI_ISL_16054275|A/Netherlands/01354/2022|A_/_H1N1|pdm09|NA|Original|2022-11-24,,,
EPI_ISL_16054268|A/Netherlands/01346/2022|A_/_H1N1|pdm09|NA|Original|2022-11-23,,,
EPI_ISL_15984894|A/Netherlands/01324/2022|A_/_H1N1|pdm09|NA|Original|2022-11-15,,,
EPI_ISL_16054288|A/Netherlands/01378/2022|A_/_H1N1|pdm09|NA|Original|2022-11-21,,,
EPI_ISL_15984891|A/Netherlands/01312/2022|A_/_H1N1|pdm09|NA|Original|2022-11-16,,,
EPI_ISL_15984890|A/Netherlands/01308/2022|A_/_H1N1|pdm09|NA|Original|2022-10-28,,,
EPI_ISL_15984888|A/Netherlands/01307/2022|A_/_H1N1|pdm09|NA|Original|2022-10-23,,,
EPI_ISL_15984885|A/Netherlands/01304/2022|A_/_H1N1|pdm09|NA|Original|2022-11-15,,,
EPI_ISL_15984884|A/Netherlands/01302/2022|A_/_H1N1|pdm09|NA|Original|2022-11-19,,,
EPI_ISL_15984882|A/Netherlands/01297/2022|A_/_H1N1|pdm09|NA|Original|2022-11-18,,,
EPI_ISL_15984881|A/Netherlands/01296/2022|A_/_H1N1|pdm09|NA|Original|2022-11-20,,,
EPI_ISL_15911900|A/Netherlands/01285/2022|A_/_H1N1|pdm09|NA|Original|2022-11-10,,,
EPI_ISL_15911899|A/Netherlands/01283/2022|A_/_H1N1|pdm09|NA|Original|2022-11-15,,,
EPI_ISL_15775064|A/Netherlands/01258/2022|A_/_H1N1|pdm09|NA|Original|2022-10-18,,,
EPI_ISL_15648296|A/Netherlands/01256/2022|A_/_H1N1|pdm09|NA|Original|2022-10-22,,,
EPI_ISL_15648295|A/Netherlands/01253/2022|A_/_H1N1|pdm09|NA|Original|2022-10-19,,,
EPI_ISL_16807924|A/Netherlands/00366/2023|A_/_H1N1|pdm09|NA|Original|2023-01-22,,,
EPI_ISL_16585502|A/Netherlands/00074/2023|A_/_H1N1|pdm09|NA|Original|2023-01-03,,,
EPI_ISL_15647972|A/Netherlands/01246/2022|A_/_H1N1|pdm09|NA|Original|2022-10-13,,,
EPI_ISL_15647971|A/Netherlands/01243/2022|A_/_H1N1|pdm09|NA|Original|2022-10-12,,,
EPI_ISL_15647969|A/Netherlands/01241/2022|A_/_H1N1|pdm09|NA|Original|2022-10-11,,,
EPI_ISL_15452992|A/Netherlands/01235/2022|A_/_H1N1|pdm09|NA|Original|2022-10-08,,,
EPI_ISL_15984893|A/Netherlands/01313/2022|A_/_H1N1|pdm09|NA|Original|2022-11-07,,,
EPI_ISL_15452991|A/Netherlands/01234/2022|A_/_H1N1|pdm09|NA|Original|2022-10-05,,,
EPI_ISL_15234675|A/Netherlands/01210/2022|A_/_H1N1|pdm09|NA|Original|2022-09-02,,,
EPI_ISL_15234676|A/Netherlands/01211/2022|A_/_H1N1|pdm09|NA|Original|2022-09-12,,,
EPI_ISL_15234673|A/Netherlands/01207/2022|A_/_H1N1|pdm09|NA|Original|2022-08-24,,,
EPI_ISL_16504366|A/Netherlands/00006/2023|A_/_H1N1|pdm09|NA|Original|2023-01-02,,,
EPI_ISL_15234669|A/Netherlands/01201/2022|A_/_H1N1|pdm09|NA|Original|2022-08-31,,,
EPI_ISL_15234667|A/Netherlands/01198/2022|A_/_H1N1|pdm09|NA|Original|2022-08-29,,,
EPI_ISL_15234352|A/Netherlands/01195/2022|A_/_H1N1|pdm09|NA|Original|2022-08-24,,,
EPI_ISL_15234668|A/Netherlands/01200/2022|A_/_H1N1|pdm09|NA|Original|2022-08-31,,,
EPI_ISL_15234347|A/Netherlands/01193/2022|A_/_H1N1|pdm09|NA|Original|2022-08-24,,,
EPI_ISL_15234672|A/Netherlands/01205/2022|A_/_H1N1|pdm09|NA|Original|2022-09-02,,,
EPI_ISL_15984898|A/Netherlands/01333/2022|A_/_H1N1|pdm09|NA|Original|2022-11-21,,,
EPI_ISL_14620550|A/Netherlands/01151/2022|A_/_H1N1|pdm09|NA|Original|2022-06-21,,,
EPI_ISL_15234346|A/Netherlands/01192/2022|A_/_H1N1|pdm09|NA|Original|2022-08-22,,,
EPI_ISL_14620545|A/Netherlands/01144/2022|A_/_H1N1|pdm09|NA|Original|2022-06-10,,,
EPI_ISL_14490108|A/Netherlands/01173/2022|A_/_H1N1|pdm09|NA|Original|2022-08-01,,,
EPI_ISL_13499651|A/Netherlands/01133/2022|A_/_H1N1|pdm09|NA|Original|2022-05-29,,,
EPI_ISL_13499657|A/Netherlands/01141/2022|A_/_H1N1|pdm09|NA|Original|2022-06-12,,,
EPI_ISL_13499649|A/Netherlands/01131/2022|A_/_H1N1|pdm09|NA|Original|2022-05-28,,,
EPI_ISL_13499647|A/Netherlands/01129/2022|A_/_H1N1|pdm09|NA|Original|2022-05-30,,,
EPI_ISL_13499652|A/Netherlands/01134/2022|A_/_H1N1|pdm09|NA|Original|2022-05-30,,,
EPI_ISL_17646685|A/Netherlands/10520/2023|A_/_H1N1|pdm09|NA|Original|2023-04-23,,,
EPI_ISL_17646684|A/Netherlands/10519/2023|A_/_H1N1|pdm09|NA|Original|2023-04-19,,,
EPI_ISL_13499648|A/Netherlands/01130/2022|A_/_H1N1|pdm09|NA|Original|2022-05-29,,,
EPI_ISL_17517081|A/Netherlands/10512/2023|A_/_H1N1|pdm09|NA|Original|2023-04-09,,,
EPI_ISL_17646679|A/Netherlands/10514/2023|A_/_H1N1|pdm09|NA|Original|2023-04-19,,,
EPI_ISL_17517076|A/Netherlands/10509/2023|A_/_H1N1|pdm09|NA|Original|2023-04-06,,,
EPI_ISL_17517075|A/Netherlands/10508/2023|A_/_H1N1|pdm09|NA|Original|2023-03-30,,,
EPI_ISL_17517073|A/Netherlands/10504/2023|A_/_H1N1|pdm09|NA|Original|2023-03-30,,,
EPI_ISL_17416688|A/Netherlands/10506/2023|A_/_H1N1|pdm09|NA|Original|2023-03-25,,,
EPI_ISL_17416687|A/Netherlands/10500/2023|A_/_H1N1|pdm09|NA|Original|2023-03-23,,,
EPI_ISL_17416686|A/Netherlands/10499/2023|A_/_H1N1|pdm09|NA|Original|2023-03-24,,,
EPI_ISL_17416685|A/Netherlands/10498/2023|A_/_H1N1|pdm09|NA|Original|2023-03-18,,,
EPI_ISL_17382834|A/Netherlands/10497/2023|A_/_H1N1|pdm09|NA|Original|2023-03-20,,,
EPI_ISL_17382826|A/Netherlands/10496/2023|A_/_H1N1|pdm09|NA|Original|2023-03-17,,,
EPI_ISL_16333963|A/Netherlands/01672/2022|A_/_H1N1|pdm09|NA|Original|2022-12-19,,,
EPI_ISL_17382804|A/Netherlands/10483/2023|A_/_H1N1|pdm09|NA|Original|2023-03-10,,,
EPI_ISL_17382797|A/Netherlands/10481/2023|A_/_H1N1|pdm09|NA|Original|2023-03-10,,,
EPI_ISL_17281194|A/Netherlands/10478/2023|A_/_H1N1|pdm09|NA|Original|2023-03-13,,,
EPI_ISL_17281193|A/Netherlands/10477/2023|A_/_H1N1|pdm09|NA|Original|2023-03-12,,,
EPI_ISL_17281192|A/Netherlands/10476/2023|A_/_H1N1|pdm09|NA|Original|2023-03-13,,,
EPI_ISL_17281182|A/Netherlands/10449/2023|A_/_H1N1|pdm09|NA|Original|2023-03-03,,,
EPI_ISL_17281178|A/Netherlands/10468/2023|A_/_H1N1|pdm09|NA|Original|2023-03-13,,,
EPI_ISL_17281176|A/Netherlands/10466/2023|A_/_H1N1|pdm09|NA|Original|2023-03-13,,,
EPI_ISL_17281173|A/Netherlands/10463/2023|A_/_H1N1|pdm09|NA|Original|2023-03-13,,,
EPI_ISL_17281170|A/Netherlands/10433/2023|A_/_H1N1|pdm09|NA|Original|2023-03-08,,,
EPI_ISL_15647970|A/Netherlands/01242/2022|A_/_H1N1|pdm09|NA|Original|2022-10-10,,,
EPI_ISL_17233014|A/Netherlands/10416/2023|A_/_H1N1|pdm09|NA|Original|2023-02-28,,,
EPI_ISL_17233011|A/Netherlands/10415/2023|A_/_H1N1|pdm09|NA|Original|2023-02-25,,,
EPI_ISL_17281169|A/Netherlands/10432/2023|A_/_H1N1|pdm09|NA|Original|2023-03-09,,,
EPI_ISL_17233010|A/Netherlands/10414/2023|A_/_H1N1|pdm09|NA|Original|2023-02-27,,,
EPI_ISL_17233004|A/Netherlands/10428/2023|A_/_H1N1|pdm09|NA|Original|2023-03-06,,,
EPI_ISL_16504364|A/Netherlands/02082/2022|A_/_H1N1|pdm09|NA|Original|2022-12-31,,,
EPI_ISL_17233001|A/Netherlands/10385/2023|A_/_H1N1|pdm09|NA|Original|2023-03-01,,,
EPI_ISL_17232999|A/Netherlands/10447/2023|A_/_H1N1|pdm09|NA|Original|2023-03-03,,,
EPI_ISL_17232998|A/Netherlands/10446/2023|A_/_H1N1|pdm09|NA|Original|2023-03-05,,,
EPI_ISL_17232997|A/Netherlands/10445/2023|A_/_H1N1|pdm09|NA|Original|2023-03-05,,,
EPI_ISL_17232996|A/Netherlands/10444/2023|A_/_H1N1|pdm09|NA|Original|2023-03-05,,,
EPI_ISL_17232992|A/Netherlands/10440/2023|A_/_H1N1|pdm09|NA|Original|2023-03-03,,,
EPI_ISL_17232995|A/Netherlands/10443/2023|A_/_H1N1|pdm09|NA|Original|2023-03-04,,,
EPI_ISL_17232991|A/Netherlands/10439/2023|A_/_H1N1|pdm09|NA|Original|2023-03-01,,,
EPI_ISL_17232989|A/Netherlands/10420/2023|A_/_H1N1|pdm09|NA|Original|2023-03-02,,,
EPI_ISL_17232988|A/Netherlands/10419/2023|A_/_H1N1|pdm09|NA|Original|2023-02-28,,,
EPI_ISL_17233002|A/Netherlands/10426/2023|A_/_H1N1|pdm09|NA|Original|2023-03-06,,,
EPI_ISL_17232987|A/Netherlands/10417/2023|A_/_H1N1|pdm09|NA|Original|2023-02-28,,,
EPI_ISL_17179549|A/Netherlands/10402/2023|A_/_H1N1|pdm09|NA|Original|2023-02-26,,,
EPI_ISL_17179547|A/Netherlands/10406/2023|A_/_H1N1|pdm09|NA|Original|2023-02-26,,,
EPI_ISL_17179532|A/Netherlands/10397/2023|A_/_H1N1|pdm09|NA|Original|2023-02-24,,,
EPI_ISL_17179531|A/Netherlands/10413/2023|A_/_H1N1|pdm09|NA|Original|2023-02-23,,,
EPI_ISL_17179530|A/Netherlands/10396/2023|A_/_H1N1|pdm09|NA|Original|2023-02-23,,,
EPI_ISL_17179527|A/Netherlands/10410/2023|A_/_H1N1|pdm09|NA|Original|2023-02-22,,,
EPI_ISL_17179528|A/Netherlands/10411/2023|A_/_H1N1|pdm09|NA|Original|2023-02-23,,,
EPI_ISL_17179526|A/Netherlands/10409/2023|A_/_H1N1|pdm09|NA|Original|2023-02-19,,,
EPI_ISL_17179512|A/Netherlands/10393/2023|A_/_H1N1|pdm09|NA|Original|2023-02-21,,,
EPI_ISL_17179437|A/Netherlands/10382/2023|A_/_H1N1|pdm09|NA|Original|2023-03-01,,,
EPI_ISL_15647973|A/Netherlands/01247/2022|A_/_H1N1|pdm09|NA|Original|2022-10-13,,,
EPI_ISL_17179427|A/Netherlands/10381/2023|A_/_H1N1|pdm09|NA|Original|2023-03-01,,,
EPI_ISL_17179382|A/Netherlands/10376/2023|A_/_H1N1|pdm09|NA|Original|2023-02-27,,,
EPI_ISL_17179415|A/Netherlands/10380/2023|A_/_H1N1|pdm09|NA|Original|2023-03-01,,,
EPI_ISL_17179375|A/Netherlands/10354/2023|A_/_H1N1|pdm09|NA|Original|2023-02-24,,,
EPI_ISL_17179373|A/Netherlands/10350/2023|A_/_H1N1|pdm09|NA|Original|2023-02-23,,,
EPI_ISL_17179368|A/Netherlands/10404/2023|A_/_H1N1|pdm09|NA|Original|2023-02-27,,,
EPI_ISL_17076112|A/Netherlands/10364/2023|A_/_H1N1|pdm09|NA|Original|2023-02-18,,,
EPI_ISL_17517078|A/Netherlands/10507/2023|A_/_H1N1|pdm09|NA|Original|2023-03-28,,,
EPI_ISL_17076108|A/Netherlands/10360/2023|A_/_H1N1|pdm09|NA|Original|2023-02-17,,,
EPI_ISL_17382819|A/Netherlands/10485/2023|A_/_H1N1|pdm09|NA|Original|2023-03-15,,,
EPI_ISL_17076104|A/Netherlands/10370/2023|A_/_H1N1|pdm09|NA|Original|2023-02-12,,,
EPI_ISL_17076103|A/Netherlands/10369/2023|A_/_H1N1|pdm09|NA|Original|2023-02-13,,,
EPI_ISL_17076109|A/Netherlands/10361/2023|A_/_H1N1|pdm09|NA|Original|2023-02-20,,,
EPI_ISL_17076099|A/Netherlands/10310/2023|A_/_H1N1|pdm09|NA|Original|2023-02-13,,,
EPI_ISL_17076098|A/Netherlands/10308/2023|A_/_H1N1|pdm09|NA|Original|2023-02-11,,,
EPI_ISL_17076097|A/Netherlands/10307/2023|A_/_H1N1|pdm09|NA|Original|2023-02-13,,,
EPI_ISL_17076096|A/Netherlands/10305/2023|A_/_H1N1|pdm09|NA|Original|2023-02-08,,,
EPI_ISL_17179522|A/Netherlands/10394/2023|A_/_H1N1|pdm09|NA|Original|2023-02-17,,,
EPI_ISL_17076088|A/Netherlands/10343/2023|A_/_H1N1|pdm09|NA|Original|2023-02-20,,,
EPI_ISL_17179529|A/Netherlands/10412/2023|A_/_H1N1|pdm09|NA|Original|2023-02-23,,,
EPI_ISL_17076076|A/Netherlands/10298/2023|A_/_H1N1|pdm09|NA|Original|2023-02-17,,,
EPI_ISL_17076074|A/Netherlands/10297/2023|A_/_H1N1|pdm09|NA|Original|2023-02-14,,,
EPI_ISL_17076072|A/Netherlands/10296/2023|A_/_H1N1|pdm09|NA|Original|2023-02-16,,,
EPI_ISL_17076069|A/Netherlands/10294/2023|A_/_H1N1|pdm09|NA|Original|2023-02-16,,,
EPI_ISL_17018678|A/Netherlands/10306/2023|A_/_H1N1|pdm09|NA|Original|2023-02-13,,,
EPI_ISL_17018677|A/Netherlands/10304/2023|A_/_H1N1|pdm09|NA|Original|2023-02-07,,,
EPI_ISL_17018676|A/Netherlands/10303/2023|A_/_H1N1|pdm09|NA|Original|2023-02-07,,,
EPI_ISL_17018675|A/Netherlands/10302/2023|A_/_H1N1|pdm09|NA|Original|2023-02-03,,,
EPI_ISL_17018672|A/Netherlands/10300/2023|A_/_H1N1|pdm09|NA|Original|2023-02-03,,,
EPI_ISL_17017550|A/Netherlands/10292/2023|A_/_H1N1|pdm09|NA|Original|2023-02-15,,,
EPI_ISL_17017547|A/Netherlands/10289/2023|A_/_H1N1|pdm09|NA|Original|2023-02-14,,,
EPI_ISL_17017544|A/Netherlands/10284/2023|A_/_H1N1|pdm09|NA|Original|2023-02-10,,,
EPI_ISL_17017541|A/Netherlands/10278/2023|A_/_H1N1|pdm09|NA|Original|2023-02-13,,,
EPI_ISL_17017538|A/Netherlands/10261/2023|A_/_H1N1|pdm09|NA|Original|2023-02-09,,,
EPI_ISL_17017537|A/Netherlands/10259/2023|A_/_H1N1|pdm09|NA|Original|2023-02-09,,,
EPI_ISL_17017533|A/Netherlands/10256/2023|A_/_H1N1|pdm09|NA|Original|2023-02-09,,,
EPI_ISL_16954712|A/Netherlands/10276/2023|A_/_H1N1|pdm09|NA|Original|2023-02-02,,,
EPI_ISL_16954711|A/Netherlands/10275/2023|A_/_H1N1|pdm09|NA|Original|2023-02-02,,,
EPI_ISL_16954708|A/Netherlands/10272/2023|A_/_H1N1|pdm09|NA|Original|2023-01-31,,,
EPI_ISL_16954707|A/Netherlands/10271/2023|A_/_H1N1|pdm09|NA|Original|2023-01-31,,,
EPI_ISL_16954696|A/Netherlands/10250/2023|A_/_H1N1|pdm09|NA|Original|2023-02-07,,,
EPI_ISL_16954695|A/Netherlands/10249/2023|A_/_H1N1|pdm09|NA|Original|2023-02-07,,,
EPI_ISL_16954693|A/Netherlands/10246/2023|A_/_H1N1|pdm09|NA|Original|2023-02-07,,,
EPI_ISL_16954684|A/Netherlands/10235/2023|A_/_H1N1|pdm09|NA|Original|2023-02-06,,,
EPI_ISL_15234345|A/Netherlands/01180/2022|A_/_H1N1|pdm09|NA|Original|2022-08-19,,,
EPI_ISL_16954683|A/Netherlands/10224/2023|A_/_H1N1|pdm09|NA|Original|2023-02-03,,,
EPI_ISL_16954681|A/Netherlands/10221/2023|A_/_H1N1|pdm09|NA|Original|2023-02-03,,,
EPI_ISL_16954678|A/Netherlands/10217/2023|A_/_H1N1|pdm09|NA|Original|2023-02-03,,,
EPI_ISL_17076110|A/Netherlands/10362/2023|A_/_H1N1|pdm09|NA|Original|2023-02-17,,,
EPI_ISL_16954676|A/Netherlands/10215/2023|A_/_H1N1|pdm09|NA|Original|2023-02-02,,,
EPI_ISL_16954673|A/Netherlands/10212/2023|A_/_H1N1|pdm09|NA|Original|2023-02-03,,,
EPI_ISL_17179533|A/Netherlands/10398/2023|A_/_H1N1|pdm09|NA|Original|2023-02-24,,,
EPI_ISL_16954671|A/Netherlands/10210/2023|A_/_H1N1|pdm09|NA|Original|2023-02-01,,,
EPI_ISL_16954670|A/Netherlands/10208/2023|A_/_H1N1|pdm09|NA|Original|2023-01-31,,,
EPI_ISL_16954668|A/Netherlands/10205/2023|A_/_H1N1|pdm09|NA|Original|2023-02-02,,,
EPI_ISL_16954665|A/Netherlands/10202/2023|A_/_H1N1|pdm09|NA|Original|2023-02-02,,,
EPI_ISL_16867396|A/Netherlands/10234/2023|A_/_H1N1|pdm09|NA|Original|2023-01-29,,,
EPI_ISL_16867395|A/Netherlands/10233/2023|A_/_H1N1|pdm09|NA|Original|2023-01-30,,,
EPI_ISL_16867394|A/Netherlands/10229/2023|A_/_H1N1|pdm09|NA|Original|2023-01-29,,,
EPI_ISL_16867392|A/Netherlands/10173/2023|A_/_H1N1|pdm09|NA|Original|2023-01-25,,,
EPI_ISL_16867391|A/Netherlands/10172/2023|A_/_H1N1|pdm09|NA|Original|2023-01-25,,,
EPI_ISL_16867390|A/Netherlands/10171/2023|A_/_H1N1|pdm09|NA|Original|2023-01-22,,,
EPI_ISL_16867387|A/Netherlands/10200/2023|A_/_H1N1|pdm09|NA|Original|2023-02-01,,,
EPI_ISL_16867385|A/Netherlands/10198/2023|A_/_H1N1|pdm09|NA|Original|2023-02-01,,,
EPI_ISL_16867383|A/Netherlands/10194/2023|A_/_H1N1|pdm09|NA|Original|2023-02-01,,,
EPI_ISL_16867376|A/Netherlands/10187/2023|A_/_H1N1|pdm09|NA|Original|2023-01-31,,,
EPI_ISL_16954692|A/Netherlands/10245/2023|A_/_H1N1|pdm09|NA|Original|2023-02-07,,,
EPI_ISL_16867369|A/Netherlands/10178/2023|A_/_H1N1|pdm09|NA|Original|2023-01-30,,,
EPI_ISL_16867368|A/Netherlands/10177/2023|A_/_H1N1|pdm09|NA|Original|2023-01-30,,,
EPI_ISL_16867367|A/Netherlands/10176/2023|A_/_H1N1|pdm09|NA|Original|2023-01-27,,,
EPI_ISL_16867366|A/Netherlands/10175/2023|A_/_H1N1|pdm09|NA|Original|2023-01-30,,,
EPI_ISL_17076100|A/Netherlands/10367/2023|A_/_H1N1|pdm09|NA|Original|2023-02-14,,,
EPI_ISL_16867353|A/Netherlands/10153/2023|A_/_H1N1|pdm09|NA|Original|2023-01-26,,,
EPI_ISL_16812614|A/Netherlands/10165/2023|A_/_H1N1|pdm09|NA|Original|2023-01-13,,,
EPI_ISL_16812596|A/Netherlands/10164/2023|A_/_H1N1|pdm09|NA|Original|2023-01-17,,,
EPI_ISL_16812661|A/Netherlands/10169/2023|A_/_H1N1|pdm09|NA|Original|2023-01-22,,,
EPI_ISL_16700804|A/Netherlands/10123/2023|A_/_H1N1|pdm09|NA|Original|2023-01-13,,,
EPI_ISL_16700799|A/Netherlands/12249/2022|A_/_H1N1|pdm09|NA|Original|2022-12-19,,,
EPI_ISL_16700794|A/Netherlands/10111/2023|A_/_H1N1|pdm09|NA|Original|2023-01-08,,,
EPI_ISL_16700801|A/Netherlands/12252/2022|A_/_H1N1|pdm09|NA|Original|2022-12-17,,,
EPI_ISL_16700793|A/Netherlands/10110/2023|A_/_H1N1|pdm09|NA|Original|2023-01-06,,,
EPI_ISL_16700785|A/Netherlands/10129/2023|A_/_H1N1|pdm09|NA|Original|2023-01-13,,,
EPI_ISL_16700780|A/Netherlands/10074/2023|A_/_H1N1|pdm09|NA|Original|2023-01-12,,,
EPI_ISL_16700779|A/Netherlands/10073/2023|A_/_H1N1|pdm09|NA|Original|2023-01-13,,,
EPI_ISL_16700786|A/Netherlands/10131/2023|A_/_H1N1|pdm09|NA|Original|2023-01-17,,,
EPI_ISL_16700775|A/Netherlands/10068/2023|A_/_H1N1|pdm09|NA|Original|2023-01-12,,,
EPI_ISL_16600558|A/Netherlands/10049/2023|A_/_H1N1|pdm09|NA|Original|2023-01-02,,,
EPI_ISL_17076105|A/Netherlands/10371/2023|A_/_H1N1|pdm09|NA|Original|2023-02-14,,,
EPI_ISL_16867393|A/Netherlands/10174/2023|A_/_H1N1|pdm09|NA|Original|2023-01-25,,,
EPI_ISL_16600550|A/Netherlands/12236/2022|A_/_H1N1|pdm09|NA|Original|2022-12-30,,,
EPI_ISL_16600554|A/Netherlands/12241/2022|A_/_H1N1|pdm09|NA|Original|2022-12-31,,,
EPI_ISL_17076078|A/Netherlands/10299/2023|A_/_H1N1|pdm09|NA|Original|2023-02-17,,,
EPI_ISL_16954674|A/Netherlands/10213/2023|A_/_H1N1|pdm09|NA|Original|2023-02-03,,,
EPI_ISL_16600546|A/Netherlands/12230/2022|A_/_H1N1|pdm09|NA|Original|2022-12-27,,,
EPI_ISL_16600492|A/Netherlands/10064/2023|A_/_H1N1|pdm09|NA|Original|2023-01-10,,,
EPI_ISL_16600491|A/Netherlands/10061/2023|A_/_H1N1|pdm09|NA|Original|2023-01-10,,,
EPI_ISL_16600489|A/Netherlands/10059/2023|A_/_H1N1|pdm09|NA|Original|2023-01-10,,,
EPI_ISL_16600561|A/Netherlands/10052/2023|A_/_H1N1|pdm09|NA|Original|2023-01-03,,,
EPI_ISL_16600488|A/Netherlands/10058/2023|A_/_H1N1|pdm09|NA|Original|2023-01-09,,,
EPI_ISL_16600487|A/Netherlands/10056/2023|A_/_H1N1|pdm09|NA|Original|2023-01-09,,,
EPI_ISL_16600486|A/Netherlands/10034/2023|A_/_H1N1|pdm09|NA|Original|2023-01-06,,,
EPI_ISL_16600483|A/Netherlands/10026/2023|A_/_H1N1|pdm09|NA|Original|2023-01-04,,,
EPI_ISL_16600485|A/Netherlands/10033/2023|A_/_H1N1|pdm09|NA|Original|2023-01-05,,,
EPI_ISL_16495506|A/Netherlands/10003/2023|A_/_H1N1|pdm09|NA|Original|2023-01-02,,,
EPI_ISL_16600484|A/Netherlands/10031/2023|A_/_H1N1|pdm09|NA|Original|2023-01-05,,,
EPI_ISL_16494778|A/Netherlands/12125/2022|A_/_H1N1|pdm09|NA|Original|2022-12-27,,,
EPI_ISL_16600549|A/Netherlands/12235/2022|A_/_H1N1|pdm09|NA|Original|2022-12-29,,,
EPI_ISL_16494775|A/Netherlands/12120/2022|A_/_H1N1|pdm09|NA|Original|2022-12-23,,,
EPI_ISL_16494779|A/Netherlands/12126/2022|A_/_H1N1|pdm09|NA|Original|2022-12-23,,,
EPI_ISL_16494774|A/Netherlands/12119/2022|A_/_H1N1|pdm09|NA|Original|2022-12-26,,,
EPI_ISL_16494776|A/Netherlands/12123/2022|A_/_H1N1|pdm09|NA|Original|2022-12-22,,,
EPI_ISL_16867372|A/Netherlands/10181/2023|A_/_H1N1|pdm09|NA|Original|2023-01-30,,,
EPI_ISL_16494762|A/Netherlands/12107/2022|A_/_H1N1|pdm09|NA|Original|2022-12-16,,,
EPI_ISL_16954675|A/Netherlands/10214/2023|A_/_H1N1|pdm09|NA|Original|2023-02-03,,,
EPI_ISL_16494740|A/Netherlands/10023/2023|A_/_H1N1|pdm09|NA|Original|2023-01-02,,,
EPI_ISL_16494732|A/Netherlands/10001/2023|A_/_H1N1|pdm09|NA|Original|2023-01-02,,,
EPI_ISL_16494736|A/Netherlands/10010/2023|A_/_H1N1|pdm09|NA|Original|2023-01-02,,,
EPI_ISL_16600547|A/Netherlands/12233/2022|A_/_H1N1|pdm09|NA|Original|2022-12-25,,,
EPI_ISL_16494726|A/Netherlands/12141/2022|A_/_H1N1|pdm09|NA|Original|2022-12-30,,,
EPI_ISL_16494718|A/Netherlands/12132/2022|A_/_H1N1|pdm09|NA|Original|2022-12-27,,,
EPI_ISL_16390348|A/Netherlands/12048/2022|A_/_H1N1|pdm09|NA|Original|2022-12-20,,,
EPI_ISL_16390294|A/Netherlands/12130/2022|A_/_H1N1|pdm09|NA|Original|2022-12-27,,,
EPI_ISL_16390289|A/Netherlands/12065/2022|A_/_H1N1|pdm09|NA|Original|2022-12-27,,,
EPI_ISL_16390346|A/Netherlands/12046/2022|A_/_H1N1|pdm09|NA|Original|2022-12-20,,,
EPI_ISL_16390288|A/Netherlands/12064/2022|A_/_H1N1|pdm09|NA|Original|2022-12-27,,,
EPI_ISL_16390284|A/Netherlands/12060/2022|A_/_H1N1|pdm09|NA|Original|2022-12-27,,,
EPI_ISL_16494771|A/Netherlands/12116/2022|A_/_H1N1|pdm09|NA|Original|2022-12-26,,,
EPI_ISL_16390282|A/Netherlands/12058/2022|A_/_H1N1|pdm09|NA|Original|2022-12-27,,,
EPI_ISL_16390285|A/Netherlands/12061/2022|A_/_H1N1|pdm09|NA|Original|2022-12-28,,,
EPI_ISL_16494769|A/Netherlands/12114/2022|A_/_H1N1|pdm09|NA|Original|2022-12-23,,,
EPI_ISL_16390281|A/Netherlands/12057/2022|A_/_H1N1|pdm09|NA|Original|2022-12-27,,,
EPI_ISL_16390275|A/Netherlands/11995/2022|A_/_H1N1|pdm09|NA|Original|2022-12-21,,,
EPI_ISL_16390271|A/Netherlands/11991/2022|A_/_H1N1|pdm09|NA|Original|2022-12-22,,,
EPI_ISL_16390270|A/Netherlands/11989/2022|A_/_H1N1|pdm09|NA|Original|2022-12-21,,,
EPI_ISL_16390266|A/Netherlands/11984/2022|A_/_H1N1|pdm09|NA|Original|2022-12-22,,,
EPI_ISL_16390258|A/Netherlands/11976/2022|A_/_H1N1|pdm09|NA|Original|2022-12-21,,,
EPI_ISL_16350801|A/Netherlands/11916/2022|A_/_H1N1|pdm09|NA|Original|2022-12-15,,,
EPI_ISL_16350800|A/Netherlands/11906/2022|A_/_H1N1|pdm09|NA|Original|2022-12-14,,,
EPI_ISL_16350795|A/Netherlands/12039/2022|A_/_H1N1|pdm09|NA|Original|2022-12-13,,,
EPI_ISL_16350794|A/Netherlands/12038/2022|A_/_H1N1|pdm09|NA|Original|2022-12-08,,,
EPI_ISL_16350792|A/Netherlands/12036/2022|A_/_H1N1|pdm09|NA|Original|2022-12-10,,,
EPI_ISL_16350759|A/Netherlands/11972/2022|A_/_H1N1|pdm09|NA|Original|2022-12-20,,,
EPI_ISL_16350758|A/Netherlands/11971/2022|A_/_H1N1|pdm09|NA|Original|2022-12-20,,,
EPI_ISL_16350755|A/Netherlands/11969/2022|A_/_H1N1|pdm09|NA|Original|2022-12-19,,,
EPI_ISL_16350745|A/Netherlands/11957/2022|A_/_H1N1|pdm09|NA|Original|2022-12-15,,,
EPI_ISL_16390347|A/Netherlands/12047/2022|A_/_H1N1|pdm09|NA|Original|2022-12-19,,,
EPI_ISL_16350744|A/Netherlands/11956/2022|A_/_H1N1|pdm09|NA|Original|2022-12-16,,,
EPI_ISL_16350718|A/Netherlands/11918/2022|A_/_H1N1|pdm09|NA|Original|2022-12-15,,,
EPI_ISL_16350715|A/Netherlands/11914/2022|A_/_H1N1|pdm09|NA|Original|2022-12-15,,,
EPI_ISL_16390276|A/Netherlands/11996/2022|A_/_H1N1|pdm09|NA|Original|2022-12-05,,,
EPI_ISL_16350709|A/Netherlands/11907/2022|A_/_H1N1|pdm09|NA|Original|2022-12-14,,,
EPI_ISL_16215318|A/Netherlands/11951/2022|A_/_H1N1|pdm09|NA|Original|2022-12-12,,,
EPI_ISL_16215280|A/Netherlands/11898/2022|A_/_H1N1|pdm09|NA|Original|2022-12-12,,,
EPI_ISL_16390283|A/Netherlands/12059/2022|A_/_H1N1|pdm09|NA|Original|2022-12-27,,,
EPI_ISL_16215275|A/Netherlands/11871/2022|A_/_H1N1|pdm09|NA|Original|2022-12-09,,,
EPI_ISL_16140159|A/Netherlands/11893/2022|A_/_H1N1|pdm09|NA|Original|2022-12-03,,,
EPI_ISL_16140156|A/Netherlands/11891/2022|A_/_H1N1|pdm09|NA|Original|2022-11-30,,,
EPI_ISL_16494765|A/Netherlands/12110/2022|A_/_H1N1|pdm09|NA|Original|2022-12-23,,,
EPI_ISL_16140117|A/Netherlands/11867/2022|A_/_H1N1|pdm09|NA|Original|2022-12-05,,,
EPI_ISL_16494770|A/Netherlands/12115/2022|A_/_H1N1|pdm09|NA|Original|2022-12-23,,,
EPI_ISL_16140113|A/Netherlands/11847/2022|A_/_H1N1|pdm09|NA|Original|2022-12-01,,,
EPI_ISL_16028452|A/Netherlands/11861/2022|A_/_H1N1|pdm09|NA|Original|2022-11-28,,,
EPI_ISL_16600557|A/Netherlands/12244/2022|A_/_H1N1|pdm09|NA|Original|2022-12-29,,,
EPI_ISL_16028371|A/Netherlands/11842/2022|A_/_H1N1|pdm09|NA|Original|2022-11-28,,,
EPI_ISL_15971253|A/Netherlands/11831/2022|A_/_H1N1|pdm09|NA|Original|2022-11-16,,,
EPI_ISL_15895152|A/Netherlands/11828/2022|A_/_H1N1|pdm09|NA|Original|2022-10-28,,,
EPI_ISL_15971254|A/Netherlands/11835/2022|A_/_H1N1|pdm09|NA|Original|2022-11-23,,,
EPI_ISL_15895144|A/Netherlands/11830/2022|A_/_H1N1|pdm09|NA|Original|2022-11-16,,,
EPI_ISL_15814129|A/Netherlands/11813/2022|A_/_H1N1|pdm09|NA|Original|2022-11-07,,,
EPI_ISL_15814128|A/Netherlands/11799/2022|A_/_H1N1|pdm09|NA|Original|2022-11-02,,,
EPI_ISL_16140116|A/Netherlands/11866/2022|A_/_H1N1|pdm09|NA|Original|2022-12-06,,,
EPI_ISL_15895143|A/Netherlands/11814/2022|A_/_H1N1|pdm09|NA|Original|2022-11-11,,,
EPI_ISL_15345821|A/Netherlands/11746/2022|A_/_H1N1|pdm09|NA|Original|2022-10-04,,,
EPI_ISL_15345819|A/Netherlands/11740/2022|A_/_H1N1|pdm09|NA|Original|2022-09-26,,,
EPI_ISL_15262289|A/Netherlands/11728/2022|A_/_H1N1|pdm09|NA|Original|2022-09-02,,,
EPI_ISL_14120299|A/Netherlands/11658/2022|A_/_H1N1|pdm09|NA|Original|2022-06-20,,,
EPI_ISL_13096502|A/Netherlands/11615/2022|A_/_H1N1|pdm09|NA|Original|2022-05-23,,,
EPI_ISL_17646682|A/Netherlands/10516/2023|A_/_H1N1|pdm09|NA|Original|2023-04-15,,,
EPI_ISL_16215276|A/Netherlands/11872/2022|A_/_H1N1|pdm09|NA|Original|2022-12-09,,,
EPI_ISL_17646680|A/Netherlands/10510/2023|A_/_H1N1|pdm09|NA|Original|2023-04-05,,,
EPI_ISL_15774518|A/Netherlands/11766/2022|A_/_H1N1|pdm09|NA|Original|2022-10-21,,,
EPI_ISL_16350711|A/Netherlands/11909/2022|A_/_H1N1|pdm09|NA|Original|2022-12-14,,,
EPI_ISL_17382738|A/Netherlands/10493/2023|A_/_H1N1|pdm09|NA|Original|2023-03-17,,,
EPI_ISL_17281180|A/Netherlands/10472/2023|A_/_H1N1|pdm09|NA|Original|2023-03-09,,,
EPI_ISL_17281179|A/Netherlands/10437/2023|A_/_H1N1|pdm09|NA|Original|2023-03-08,,,
EPI_ISL_17233007|A/Netherlands/10436/2023|A_/_H1N1|pdm09|NA|Original|2023-03-04,,,
EPI_ISL_17179469|A/Netherlands/10357/2023|A_/_H1N1|pdm09|NA|Original|2023-02-21,,,
EPI_ISL_16215277|A/Netherlands/11895/2022|A_/_H1N1|pdm09|NA|Original|2022-12-12,,,
EPI_ISL_17179460|A/Netherlands/10356/2023|A_/_H1N1|pdm09|NA|Original|2023-02-20,,,
EPI_ISL_17076095|A/Netherlands/10355/2023|A_/_H1N1|pdm09|NA|Original|2023-02-18,,,
EPI_ISL_15345820|A/Netherlands/11741/2022|A_/_H1N1|pdm09|NA|Original|2022-09-30,,,
EPI_ISL_17076094|A/Netherlands/10331/2023|A_/_H1N1|pdm09|NA|Original|2023-02-14,,,
EPI_ISL_17076093|A/Netherlands/10327/2023|A_/_H1N1|pdm09|NA|Original|2023-02-09,,,
EPI_ISL_17382730|A/Netherlands/10474/2023|A_/_H1N1|pdm09|NA|Original|2023-03-15,,,
EPI_ISL_17017553|A/Netherlands/10329/2023|A_/_H1N1|pdm09|NA|Original|2023-02-12,,,
EPI_ISL_17017552|A/Netherlands/10328/2023|A_/_H1N1|pdm09|NA|Original|2023-02-11,,,
EPI_ISL_16954703|A/Netherlands/10268/2023|A_/_H1N1|pdm09|NA|Original|2023-02-02,,,
EPI_ISL_16954701|A/Netherlands/10266/2023|A_/_H1N1|pdm09|NA|Original|2023-02-04,,,
EPI_ISL_17017554|A/Netherlands/10330/2023|A_/_H1N1|pdm09|NA|Original|2023-02-13,,,
EPI_ISL_16954699|A/Netherlands/10227/2023|A_/_H1N1|pdm09|NA|Original|2023-01-30,,,
EPI_ISL_16867388|A/Netherlands/10225/2023|A_/_H1N1|pdm09|NA|Original|2023-01-26,,,
EPI_ISL_16812534|A/Netherlands/10158/2023|A_/_H1N1|pdm09|NA|Original|2023-01-18,,,
EPI_ISL_16700791|A/Netherlands/10143/2023|A_/_H1N1|pdm09|NA|Original|2023-01-16,,,
EPI_ISL_17017551|A/Netherlands/10270/2023|A_/_H1N1|pdm09|NA|Original|2023-02-07,,,
EPI_ISL_16600534|A/Netherlands/10078/2023|A_/_H1N1|pdm09|NA|Original|2023-01-07,,,
EPI_ISL_16600533|A/Netherlands/10046/2023|A_/_H1N1|pdm09|NA|Original|2023-01-03,,,
EPI_ISL_16546546|A/Netherlands/12104/2022|A_/_H1N1|pdm09|NA|Original|2022-12-27,,,
EPI_ISL_16494793|A/Netherlands/12218/2022|A_/_H1N1|pdm09|NA|Original|2022-12-30,,,
EPI_ISL_16494791|A/Netherlands/12213/2022|A_/_H1N1|pdm09|NA|Original|2022-12-28,,,
EPI_ISL_16494789|A/Netherlands/12208/2022|A_/_H1N1|pdm09|NA|Original|2022-12-29,,,
EPI_ISL_16494746|A/Netherlands/12092/2022|A_/_H1N1|pdm09|NA|Original|2022-12-23,,,
EPI_ISL_16494744|A/Netherlands/12085/2022|A_/_H1N1|pdm09|NA|Original|2022-12-25,,,
EPI_ISL_16390311|A/Netherlands/12074/2022|A_/_H1N1|pdm09|NA|Original|2022-12-21,,,
EPI_ISL_16390310|A/Netherlands/12073/2022|A_/_H1N1|pdm09|NA|Original|2022-12-21,,,
EPI_ISL_16390309|A/Netherlands/12072/2022|A_/_H1N1|pdm09|NA|Original|2022-12-20,,,
EPI_ISL_16390307|A/Netherlands/12034/2022|A_/_H1N1|pdm09|NA|Original|2022-12-20,,,
EPI_ISL_16390305|A/Netherlands/12032/2022|A_/_H1N1|pdm09|NA|Original|2022-12-20,,,
EPI_ISL_16350749|A/Netherlands/11962/2022|A_/_H1N1|pdm09|NA|Original|2022-12-19,,,
EPI_ISL_16390314|A/Netherlands/12077/2022|A_/_H1N1|pdm09|NA|Original|2022-12-22,,,
EPI_ISL_16390298|A/Netherlands/12025/2022|A_/_H1N1|pdm09|NA|Original|2022-12-19,,,
EPI_ISL_16390297|A/Netherlands/12024/2022|A_/_H1N1|pdm09|NA|Original|2022-12-20,,,
EPI_ISL_16390296|A/Netherlands/12023/2022|A_/_H1N1|pdm09|NA|Original|2022-12-20,,,
EPI_ISL_16350772|A/Netherlands/12003/2022|A_/_H1N1|pdm09|NA|Original|2022-12-16,,,
EPI_ISL_16350770|A/Netherlands/12001/2022|A_/_H1N1|pdm09|NA|Original|2022-12-16,,,
EPI_ISL_16390300|A/Netherlands/12027/2022|A_/_H1N1|pdm09|NA|Original|2022-12-20,,,
EPI_ISL_16350768|A/Netherlands/11999/2022|A_/_H1N1|pdm09|NA|Original|2022-12-16,,,
EPI_ISL_17416691|A/Netherlands/10494/2023|A_/_H1N1|pdm09|NA|Original|2023-03-22,,,
EPI_ISL_16028372|A/Netherlands/11843/2022|A_/_H1N1|pdm09|NA|Original|2022-11-28,,,
EPI_ISL_16700789|A/Netherlands/10141/2023|A_/_H1N1|pdm09|NA|Original|2023-01-13,,,
EPI_ISL_16215304|A/Netherlands/11928/2022|A_/_H1N1|pdm09|NA|Original|2022-12-09,,,
EPI_ISL_16215303|A/Netherlands/11927/2022|A_/_H1N1|pdm09|NA|Original|2022-12-11,,,
EPI_ISL_16390304|A/Netherlands/12031/2022|A_/_H1N1|pdm09|NA|Original|2022-12-20,,,
EPI_ISL_16215296|A/Netherlands/11890/2022|A_/_H1N1|pdm09|NA|Original|2022-12-05,,,
EPI_ISL_16140121|A/Netherlands/11873/2022|A_/_H1N1|pdm09|NA|Original|2022-12-01,,,
EPI_ISL_16028377|A/Netherlands/11851/2022|A_/_H1N1|pdm09|NA|Original|2022-11-28,,,
EPI_ISL_15774527|A/Netherlands/11795/2022|A_/_H1N1|pdm09|NA|Original|2022-10-26,,,
EPI_ISL_15774526|A/Netherlands/11793/2022|A_/_H1N1|pdm09|NA|Original|2022-10-24,,,
EPI_ISL_15345827|A/Netherlands/11747/2022|A_/_H1N1|pdm09|NA|Original|2022-09-30,,,
EPI_ISL_15774519|A/Netherlands/11782/2022|A_/_H1N1|pdm09|NA|Original|2022-10-18,,,
EPI_ISL_16350761|A/Netherlands/11940/2022|A_/_H1N1|pdm09|NA|Original|2022-12-14,,,
EPI_ISL_15345823|A/Netherlands/11742/2022|A_/_H1N1|pdm09|NA|Original|2022-09-20,,,
EPI_ISL_14751125|A/Netherlands/11702/2022|A_/_H1N1|pdm09|NA|Original|2022-08-10,,,
EPI_ISL_16600539|A/Netherlands/10083/2023|A_/_H1N1|pdm09|NA|Original|2023-01-09,,,
EPI_ISL_17076092|A/Netherlands/10326/2023|A_/_H1N1|pdm09|NA|Original|2023-02-09,,,
EPI_ISL_16812554|A/Netherlands/10161/2023|A_/_H1N1|pdm09|NA|Original|2023-01-21,,,
EPI_ISL_16600536|A/Netherlands/10080/2023|A_/_H1N1|pdm09|NA|Original|2023-01-09,,,
EPI_ISL_16350769|A/Netherlands/12000/2022|A_/_H1N1|pdm09|NA|Original|2022-12-16,,,
EPI_ISL_14570072|A/Netherlands/11691/2022|A_/_H1N1|pdm09|NA|Original|2022-08-05,,,
EPI_ISL_16494794|A/Netherlands/12225/2022|A_/_H1N1|pdm09|NA|Original|2022-12-29,,,
EPI_ISL_16390319|A/Netherlands/12148/2022|A_/_H1N1|pdm09|NA|Original|2022-12-26,,,
EPI_ISL_16494795|A/Netherlands/12226/2022|A_/_H1N1|pdm09|NA|Original|2022-12-31,,,
EPI_ISL_16350782|A/Netherlands/12013/2022|A_/_H1N1|pdm09|NA|Original|2022-12-19,,,
EPI_ISL_16390320|A/Netherlands/12149/2022|A_/_H1N1|pdm09|NA|Original|2022-12-21,,,
EPI_ISL_16215308|A/Netherlands/11932/2022|A_/_H1N1|pdm09|NA|Original|2022-12-11,,,
EPI_ISL_16215295|A/Netherlands/11889/2022|A_/_H1N1|pdm09|NA|Original|2022-12-05,,,
EPI_ISL_16215306|A/Netherlands/11930/2022|A_/_H1N1|pdm09|NA|Original|2022-12-09,,,
EPI_ISL_16215291|A/Netherlands/11885/2022|A_/_H1N1|pdm09|NA|Original|2022-12-02,,,
EPI_ISL_16215309|A/Netherlands/11933/2022|A_/_H1N1|pdm09|NA|Original|2022-12-10,,,
EPI_ISL_16215288|A/Netherlands/11882/2022|A_/_H1N1|pdm09|NA|Original|2022-12-01,,,
EPI_ISL_16028378|A/Netherlands/11852/2022|A_/_H1N1|pdm09|NA|Original|2022-11-26,,,
EPI_ISL_15774533|A/Netherlands/11806/2022|A_/_H1N1|pdm09|NA|Original|2022-10-30,,,
EPI_ISL_15774532|A/Netherlands/11805/2022|A_/_H1N1|pdm09|NA|Original|2022-10-31,,,
EPI_ISL_16215290|A/Netherlands/11884/2022|A_/_H1N1|pdm09|NA|Original|2022-12-02,,,
EPI_ISL_14751123|A/Netherlands/11700/2022|A_/_H1N1|pdm09|NA|Original|2022-08-15,,,
EPI_ISL_16600535|A/Netherlands/10079/2023|A_/_H1N1|pdm09|NA|Original|2023-01-03,,,
EPI_ISL_15774522|A/Netherlands/11788/2022|A_/_H1N1|pdm09|NA|Original|2022-10-23,,,
EPI_ISL_16028379|A/Netherlands/11853/2022|A_/_H1N1|pdm09|NA|Original|2022-11-28,,,
EPI_ISL_15544285|A/Netherlands/11754/2022|A_/_H1N1|pdm09|NA|Original|2022-10-06,,,
EPI_ISL_15544301|A/Netherlands/11780/2022|A_/_H1N1|pdm09|NA|Original|2022-10-13,,,
EPI_ISL_15544284|A/Netherlands/11753/2022|A_/_H1N1|pdm09|NA|Original|2022-10-04,,,
EPI_ISL_15544283|A/Netherlands/11752/2022|A_/_H1N1|pdm09|NA|Original|2022-10-06,,,
EPI_ISL_15345822|A/Netherlands/11732/2022|A_/_H1N1|pdm09|NA|Original|2022-08-30,,,
EPI_ISL_14918899|A/Netherlands/11722/2022|A_/_H1N1|pdm09|NA|Original|2022-08-23,,,
EPI_ISL_14751122|A/Netherlands/11699/2022|A_/_H1N1|pdm09|NA|Original|2022-08-11,,,
EPI_ISL_14570073|A/Netherlands/11693/2022|A_/_H1N1|pdm09|NA|Original|2022-08-04,,,
EPI_ISL_14120514|A/Netherlands/11670/2022|A_/_H1N1|pdm09|NA|Original|2022-06-09,,,
EPI_ISL_16494798|A/Netherlands/12229/2022|A_/_H1N1|pdm09|NA|Original|2022-12-28,,,
EPI_ISL_13096514|A/Netherlands/11634/2022|A_/_H1N1|pdm09|NA|Original|2022-05-23,,,
EPI_ISL_16494797|A/Netherlands/12228/2022|A_/_H1N1|pdm09|NA|Original|2022-12-27,,,
EPI_ISL_13096513|A/Netherlands/11633/2022|A_/_H1N1|pdm09|NA|Original|2022-05-22,,,
EPI_ISL_15544292|A/Netherlands/11768/2022|A_/_H1N1|pdm09|NA|Original|2022-10-12,,,
EPI_ISL_16600545|A/Netherlands/10107/2023|A_/_H1N1|pdm09|NA|Original|2023-01-08,,,
EPI_ISL_16600540|A/Netherlands/10092/2023|A_/_H1N1|pdm09|NA|Original|2023-01-03,,,
EPI_ISL_16494786|A/Netherlands/12189/2022|A_/_H1N1|pdm09|NA|Original|2022-12-29,,,
EPI_ISL_16494783|A/Netherlands/12180/2022|A_/_H1N1|pdm09|NA|Original|2022-12-27,,,
EPI_ISL_16494782|A/Netherlands/12178/2022|A_/_H1N1|pdm09|NA|Original|2022-12-26,,,
EPI_ISL_16390328|A/Netherlands/12166/2022|A_/_H1N1|pdm09|NA|Original|2022-12-25,,,
EPI_ISL_15544286|A/Netherlands/11755/2022|A_/_H1N1|pdm09|NA|Original|2022-10-05,,,
EPI_ISL_16600543|A/Netherlands/10104/2023|A_/_H1N1|pdm09|NA|Original|2023-01-08,,,
EPI_ISL_16390327|A/Netherlands/12164/2022|A_/_H1N1|pdm09|NA|Original|2022-12-24,,,
EPI_ISL_16390326|A/Netherlands/12163/2022|A_/_H1N1|pdm09|NA|Original|2022-12-24,,,
EPI_ISL_16390325|A/Netherlands/12162/2022|A_/_H1N1|pdm09|NA|Original|2022-12-23,,,
EPI_ISL_16350774|A/Netherlands/12005/2022|A_/_H1N1|pdm09|NA|Original|2022-12-17,,,
EPI_ISL_16350773|A/Netherlands/12004/2022|A_/_H1N1|pdm09|NA|Original|2022-12-13,,,
EPI_ISL_15544299|A/Netherlands/11778/2022|A_/_H1N1|pdm09|NA|Original|2022-10-12,,,
EPI_ISL_15544296|A/Netherlands/11775/2022|A_/_H1N1|pdm09|NA|Original|2022-10-06,,,
EPI_ISL_15544295|A/Netherlands/11774/2022|A_/_H1N1|pdm09|NA|Original|2022-10-04,,,
EPI_ISL_15544294|A/Netherlands/11773/2022|A_/_H1N1|pdm09|NA|Original|2022-09-30,,,
EPI_ISL_15544293|A/Netherlands/11772/2022|A_/_H1N1|pdm09|NA|Original|2022-09-21,,,
EPI_ISL_14751137|A/Netherlands/11714/2022|A_/_H1N1|pdm09|NA|Original|2022-08-06,,,
EPI_ISL_16390324|A/Netherlands/12161/2022|A_/_H1N1|pdm09|NA|Original|2022-12-23,,,
EPI_ISL_14751136|A/Netherlands/11713/2022|A_/_H1N1|pdm09|NA|Original|2022-08-04,,,
EPI_ISL_14751134|A/Netherlands/11711/2022|A_/_H1N1|pdm09|NA|Original|2022-08-17,,,
EPI_ISL_14751130|A/Netherlands/11707/2022|A_/_H1N1|pdm09|NA|Original|2022-08-06,,,
EPI_ISL_14120549|A/Netherlands/11664/2022|A_/_H1N1|pdm09|NA|Original|2022-06-06,,,
EPI_ISL_14120537|A/Netherlands/11662/2022|A_/_H1N1|pdm09|NA|Original|2022-05-30,,,
EPI_ISL_16350762|A/Netherlands/11941/2022|A_/_H1N1|pdm09|NA|Original|2022-12-13,,,
EPI_ISL_14120521|A/Netherlands/11660/2022|A_/_H1N1|pdm09|NA|Original|2022-06-03,,,
EPI_ISL_15895146|A/Netherlands/11820/2022|A_/_H1N1|pdm09|NA|Original|2022-11-05,,,
EPI_ISL_15774520|A/Netherlands/11784/2022|A_/_H1N1|pdm09|NA|Original|2022-10-17,,,
EPI_ISL_15895145|A/Netherlands/11819/2022|A_/_H1N1|pdm09|NA|Original|2022-11-04,,,
EPI_ISL_15544289|A/Netherlands/11759/2022|A_/_H1N1|pdm09|NA|Original|2022-10-05,,,
EPI_ISL_14120558|A/Netherlands/11666/2022|A_/_H1N1|pdm09|NA|Original|2022-06-13,,,
EPI_ISL_15544287|A/Netherlands/11756/2022|A_/_H1N1|pdm09|NA|Original|2022-10-04,,,
EPI_ISL_15215324|A/Netherlands/11736/2022|A_/_H1N1|pdm09|NA|Original|2022-09-12,,,
EPI_ISL_16390321|A/Netherlands/12156/2022|A_/_H1N1|pdm09|NA|Original|2022-12-19,,,
EPI_ISL_17179480|A/Netherlands/10387/2023|A_/_H1N1|pdm09|NA|Original|2023-02-21,,,
EPI_ISL_15774528|A/Netherlands/11801/2022|A_/_H1N1|pdm09|NA|Original|2022-10-29,,,
EPI_ISL_16028376|A/Netherlands/11850/2022|A_/_H1N1|pdm09|NA|Original|2022-11-23,,,
EPI_ISL_13324721|A/Netherlands/11651/2022|A_/_H1N1|pdm09|NA|Original|2022-06-03,,,
EPI_ISL_15215321|A/Netherlands/11733/2022|A_/_H1N1|pdm09|NA|Original|2022-09-06,,,
EPI_ISL_14918898|A/Netherlands/11721/2022|A_/_H1N1|pdm09|NA|Original|2022-06-08,,,
EPI_ISL_15544291|A/Netherlands/11767/2022|A_/_H1N1|pdm09|NA|Original|2022-10-12,,,
EPI_ISL_14918897|A/Netherlands/11719/2022|A_/_H1N1|pdm09|NA|Original|2022-08-28,,,
EPI_ISL_16215333|A/Netherlands/11921/2022|A_/_H1N1|pdm09|NA|Original|2022-12-09,,,
EPI_ISL_15544302|A/Netherlands/11781/2022|A_/_H1N1|pdm09|NA|Original|2022-10-14,,,
EPI_ISL_14120529|A/Netherlands/11661/2022|A_/_H1N1|pdm09|NA|Original|2022-06-04,,,
EPI_ISL_15774530|A/Netherlands/11803/2022|A_/_H1N1|pdm09|NA|Original|2022-10-30,,,
